"SNP.names","chr","pos","SNP"
"14057748|F|0-21:C>T-21:C>T","Vu09 (old8)",6006483,"21:C>T"
"14073404|F|0-63:T>G-63:T>G","Vu09 (old8)",1077531,"63:T>G"
"14077008|F|0-16:T>A-16:T>A","Vu09 (old8)",39008686,"16:T>A"
"14078118|F|0-12:C>A-12:C>A","Vu03 (old3)",6136968,"12:C>A"
"100008216|F|0-12:A>T-12:A>T","Vu04 (old11)",18708075,"12:A>T"
"100008218|F|0-5:A>G-5:A>G","Vu05 (old1)",2222217,"5:A>G"
"14054501|F|0-5:A>G-5:A>G","Vu11 (old9)",35449142,"5:A>G"
"14073415|F|0-19:T>C-19:T>C","Vu02 (old7)",25084851,"19:T>C"
"14054506|F|0-35:C>T-35:C>T","Vu11 (old9)",31562480,"35:C>T"
"14073423|F|0-68:T>C-68:T>C","Vu09 (old8)",42258463,"68:T>C"
"14081570|F|0-10:G>A-10:G>A","Vu03 (old3)",50087047,"10:G>A"
"14073469|F|0-19:T>A-19:T>A","Vu10 (old10)",3106619,"19:T>A"
"14054551|F|0-41:C>T-41:C>T","Vu04 (old11)",2971882,"41:C>T"
"100008286|F|0-10:C>A-10:C>A","Vu07 (old2)",25527780,"10:C>A"
"14073500|F|0-23:T>C-23:T>C","Vu08 (old5)",30356363,"23:T>C"
"14073501|F|0-52:T>A-52:T>A","Vu07 (old2)",30379700,"52:T>A"
"100008297|F|0-53:A>G-53:A>G","Vu07 (old2)",26421269,"53:A>G"
"14073519|F|0-35:C>T-35:C>T","Vu06 (old6)",16471472,"35:C>T"
"14073528|F|0-47:T>G-47:T>G","Vu03 (old3)",24871538,"47:T>G"
"14073537|F|0-39:T>C-39:T>C","Vu04 (old11)",35829613,"39:T>C"
"100008347|F|0-58:G>T-58:G>T","Vu11 (old9)",6163786,"58:G>T"
"14073583|F|0-47:C>G-47:C>G","Vu06 (old6)",18804689,"47:C>G"
"100008363|F|0-42:A>G-42:A>G","Vu10 (old10)",36504911,"42:A>G"
"14077691|F|0-49:C>G-49:C>G","",0,"49:C>G"
"14073589|F|0-33:T>G-33:T>G","Vu10 (old10)",39553451,"33:T>G"
"14054663|F|0-27:T>C-27:T>C","Vu03 (old3)",58509653,"27:T>C"
"14054667|F|0-48:G>T-48:G>T","Vu05 (old1)",44960901,"48:G>T"
"14073596|F|0-20:C>T-20:C>T","Vu04 (old11)",2685080,"20:C>T"
"100008386|F|0-59:T>C-59:T>C","Vu08 (old5)",29210272,"59:T>C"
"100008389|F|0-50:A>G-50:A>G","Vu02 (old7)",7040763,"50:A>G"
"14054693|F|0-32:A>T-32:A>T","Vu10 (old10)",38986370,"32:A>T"
"14054708|F|0-67:C>A-67:C>A","Vu03 (old3)",63616547,"67:C>A"
"100008412|F|0-67:C>A-67:C>A","Vu11 (old9)",39318160,"67:C>A"
"100008415|F|0-42:T>C-42:T>C","Vu07 (old2)",27011718,"42:T>C"
"14073644|F|0-8:T>C-8:T>C","Vu10 (old10)",35578863,"8:T>C"
"14081641|F|0-68:T>A-68:T>A","Vu03 (old3)",53251572,"68:T>A"
"100008436|F|0-37:A>G-37:A>G","Vu05 (old1)",10768303,"37:A>G"
"14073671|F|0-22:C>T-22:C>T","Vu04 (old11)",39312861,"22:C>T"
"100008444|F|0-49:G>A-49:G>A","Vu06 (old6)",33057397,"49:G>A"
"100008446|F|0-67:G>T-67:G>T","Vu01 (old4)",34095757,"67:G>T"
"14054769|F|0-21:A>G-21:A>G","",0,"21:A>G"
"100008454|F|0-68:G>A-68:G>A","Vu08 (old5)",13615431,"68:G>A"
"14073688|F|0-31:A>G-31:A>G","Vu02 (old7)",26520130,"31:A>G"
"14081651|F|0-25:T>C-25:T>C","Vu03 (old3)",59061645,"25:T>C"
"14084615|F|0-60:A>G-60:A>G","Vu07 (old2)",2481306,"60:A>G"
"100008493|F|0-61:A>G-61:A>G","Vu06 (old6)",19440342,"61:A>G"
"100008495|F|0-50:A>G-50:A>G","Vu05 (old1)",24574876,"50:A>G"
"100008500|F|0-35:A>C-35:A>C","Vu04 (old11)",32459901,"35:A>C"
"100008505|F|0-6:T>A-6:T>A","Vu06 (old6)",24890254,"6:T>A"
"100008515|F|0-23:G>A-23:G>A","Vu01 (old4)",30153032,"23:G>A"
